Class,Order,Family,scientificName,Dispersal_km
Mammalia,Artiodactyla,Bovidae,Rupicapra pyrenaica,5.1097271778
Mammalia,Artiodactyla,Bovidae,Gazella gazella,5.4627219918
Mammalia,Artiodactyla,Bovidae,Rupicapra rupicapra,5.4688088821
Mammalia,Artiodactyla,Bovidae,Gazella subgutturosa,5.6868892629
Mammalia,Artiodactyla,Bovidae,Saiga tatarica,5.7098166317
Mammalia,Artiodactyla,Bovidae,Capra cylindricornis,6.7442045457
Mammalia,Artiodactyla,Bovidae,Capra aegagrus,7.5703659528
Mammalia,Artiodactyla,Bovidae,Capra pyrenaica,7.6005760364
Mammalia,Artiodactyla,Bovidae,Capra caucasica,8.2377099096
Mammalia,Artiodactyla,Bovidae,Capra ibex,8.7621267117
Mammalia,Artiodactyla,Bovidae,Ovis gmelini,10.8771265816
Mammalia,Artiodactyla,Bovidae,Bison bonasus,31.1688811502
Mammalia,Artiodactyla,Cervidae,Capreolus capreolus,4.0622371972
Mammalia,Artiodactyla,Cervidae,Capreolus pygargus,4.0622389021
Mammalia,Artiodactyla,Cervidae,Dama dama,7.8041181227
Mammalia,Artiodactyla,Cervidae,Rangifer tarandus,10.3440756553
Mammalia,Artiodactyla,Cervidae,Cervus elaphus,13.6595632595
Mammalia,Artiodactyla,Cervidae,Alces alces,22.3089881462
Mammalia,Artiodactyla,Suidae,Sus scrofa,36.2021644792
Mammalia,Carnivora,Canidae,Vulpes corsac,3.3789758099
Mammalia,Carnivora,Canidae,Vulpes vulpes,4.6551195338
Mammalia,Carnivora,Canidae,Canis aureus,7.9176584687
Mammalia,Carnivora,Canidae,Vulpes lagopus,10.9844123155
Mammalia,Carnivora,Canidae,Canis lupus,39.0657414413
Mammalia,Carnivora,Felidae,Otocolobus manul,10.7984160236
Mammalia,Carnivora,Felidae,Felis silvestris,13.4642369988
Mammalia,Carnivora,Felidae,Felis chaus,20.405868678
Mammalia,Carnivora,Felidae,Lynx pardinus,20.6829833553
Mammalia,Carnivora,Felidae,Caracal caracal,25.0230828038
Mammalia,Carnivora,Felidae,Lynx lynx,32.1339944149
Mammalia,Carnivora,Felidae,Panthera pardus,56.1303589825
Mammalia,Carnivora,Herpestidae,Herpestes ichneumon,3.5653332826
Mammalia,Carnivora,Hyaenidae,Hyaena hyaena,15.9903672198
Mammalia,Carnivora,Mustelidae,Mustela nivalis,0.8194174028
Mammalia,Carnivora,Mustelidae,Mustela erminea,1.3279966383
Mammalia,Carnivora,Mustelidae,Martes zibellina,1.9243478337
Mammalia,Carnivora,Mustelidae,Martes martes,2.1694892097
Mammalia,Carnivora,Mustelidae,Martes foina,2.5526219735
Mammalia,Carnivora,Mustelidae,Mustela sibirica,3.4419742056
Mammalia,Carnivora,Mustelidae,Vormela peregusna,3.4875705744
Mammalia,Carnivora,Mustelidae,Mustela lutreola,3.5800752653
Mammalia,Carnivora,Mustelidae,Mustela putorius,4.4435669828
Mammalia,Carnivora,Mustelidae,Mustela eversmanii,4.97757742
Mammalia,Carnivora,Mustelidae,Meles leucurus,8.2975180553
Mammalia,Carnivora,Mustelidae,Meles meles,8.2975180553
Mammalia,Carnivora,Mustelidae,Gulo gulo,8.6764485859
Mammalia,Carnivora,Mustelidae,Lutra lutra,17.5653142911
Mammalia,Carnivora,Ursidae,Ursus arctos,51.376340128
Mammalia,Carnivora,Ursidae,Ursus maritimus,66.8941895498
Mammalia,Carnivora,Viverridae,Genetta genetta,2.7015332912
Mammalia,Eulipotyphla,Erinaceidae,Hemiechinus auritus,1.0119592884
Mammalia,Eulipotyphla,Erinaceidae,Atelerix algirus,1.6461662489
Mammalia,Eulipotyphla,Erinaceidae,Erinaceus concolor,4.3158394967
Mammalia,Eulipotyphla,Erinaceidae,Erinaceus roumanicus,4.3158394967
Mammalia,Eulipotyphla,Erinaceidae,Erinaceus europaeus,4.3393822716
Mammalia,Eulipotyphla,Soricidae,Sorex tundrensis,0.1005251936
Mammalia,Eulipotyphla,Soricidae,Sorex araneus,0.1005623933
Mammalia,Eulipotyphla,Soricidae,Suncus etruscus,0.1292704636
Mammalia,Eulipotyphla,Soricidae,Sorex minutissimus,0.1323939284
Mammalia,Eulipotyphla,Soricidae,Sorex minutus,0.1831055691
Mammalia,Eulipotyphla,Soricidae,Sorex volnuchini,0.1831055691
Mammalia,Eulipotyphla,Soricidae,Sorex caecutiens,0.2238414889
Mammalia,Eulipotyphla,Soricidae,Sorex granarius,0.234127044
Mammalia,Eulipotyphla,Soricidae,Crocidura suaveolens,0.2586478989
Mammalia,Eulipotyphla,Soricidae,Crocidura suaveolens,0.2586478989
Mammalia,Eulipotyphla,Soricidae,Crocidura canariensis,0.2602285769
Mammalia,Eulipotyphla,Soricidae,Sorex alpinus,0.2685559885
Mammalia,Eulipotyphla,Soricidae,Sorex daphaenodon,0.2726573021
Mammalia,Eulipotyphla,Soricidae,Sorex antinorii,0.2745914395
Mammalia,Eulipotyphla,Soricidae,Sorex satunini,0.2745914395
Mammalia,Eulipotyphla,Soricidae,Sorex samniticus,0.2746929909
Mammalia,Eulipotyphla,Soricidae,Sorex coronatus,0.2787352741
Mammalia,Eulipotyphla,Soricidae,Crocidura caspica,0.307928088
Mammalia,Eulipotyphla,Soricidae,Sorex raddei,0.3098099326
Mammalia,Eulipotyphla,Soricidae,Crocidura arispa,0.3098099326
Mammalia,Eulipotyphla,Soricidae,Crocidura pachyura,0.3209491699
Mammalia,Eulipotyphla,Soricidae,Crocidura russula,0.3209491699
Mammalia,Eulipotyphla,Soricidae,Crocidura zimmermanni,0.3209491699
Mammalia,Eulipotyphla,Soricidae,Crocidura sicula,0.3253349985
Mammalia,Eulipotyphla,Soricidae,Crocidura leucodon,0.3271511227
Mammalia,Eulipotyphla,Soricidae,Sorex isodon,0.3500217218
Mammalia,Eulipotyphla,Soricidae,Neomys anomalus,0.3664292446
Mammalia,Eulipotyphla,Soricidae,Neomys fodiens,0.3982146903
Mammalia,Eulipotyphla,Soricidae,Neomys teres,0.3982146903
Mammalia,Eulipotyphla,Talpidae,Galemys pyrenaicus,0.9247656386
Mammalia,Eulipotyphla,Talpidae,Talpa caeca,1.017282531
Mammalia,Eulipotyphla,Talpidae,Talpa levantis,1.017282531
Mammalia,Eulipotyphla,Talpidae,Talpa davidiana,1.1091831739
Mammalia,Eulipotyphla,Talpidae,Talpa occidentalis,1.1541164521
Mammalia,Eulipotyphla,Talpidae,Talpa caucasica,1.1738700653
Mammalia,Eulipotyphla,Talpidae,Talpa stankovici,1.1738700653
Mammalia,Eulipotyphla,Talpidae,Talpa romana,1.1934100698
Mammalia,Eulipotyphla,Talpidae,Talpa europaea,1.3286167738
Mammalia,Eulipotyphla,Talpidae,Desmana moschata,5.003068864
Mammalia,Lagomorpha,Leporidae,Oryctolagus cuniculus,0.9288963659
Mammalia,Lagomorpha,Leporidae,Lepus tolai,0.9808772045
Mammalia,Lagomorpha,Leporidae,Lepus capensis,1.0159452687
Mammalia,Lagomorpha,Leporidae,Lepus granatensis,1.0495282047
Mammalia,Lagomorpha,Leporidae,Lepus castroviejoi,1.1807451215
Mammalia,Lagomorpha,Leporidae,Lepus timidus,1.232090956
Mammalia,Lagomorpha,Leporidae,Lepus corsicanus,1.3852618447
Mammalia,Lagomorpha,Leporidae,Lepus europaeus,1.3852618447
Mammalia,Lagomorpha,Ochotonidae,Ochotona hyperborea,0.1869701552
Mammalia,Lagomorpha,Ochotonidae,Ochotona pusilla,0.1931999442
Mammalia,Rodentia,Calomyscidae,Calomyscus urartensis,0.0594628088
Mammalia,Rodentia,Castoridae,Castor fiber,3.7513465009
Mammalia,Rodentia,Cricetidae,Microtus daghestanicus,0.0452286449
Mammalia,Rodentia,Cricetidae,Microtus subterraneus,0.0547458293
Mammalia,Rodentia,Cricetidae,Microtus majori,0.0554883615
Mammalia,Rodentia,Cricetidae,Microtus brachycercus,0.0587532405
Mammalia,Rodentia,Cricetidae,Microtus lusitanicus,0.0587532405
Mammalia,Rodentia,Cricetidae,Microtus savii,0.0587532405
Mammalia,Rodentia,Cricetidae,Lagurus lagurus,0.0592859343
Mammalia,Rodentia,Cricetidae,Microtus duodecimcostatus,0.0634581442
Mammalia,Rodentia,Cricetidae,Microtus thomasi,0.0639481617
Mammalia,Rodentia,Cricetidae,Microtus liechtensteini,0.0642174745
Mammalia,Rodentia,Cricetidae,Microtus multiplex,0.0642174745
Mammalia,Rodentia,Cricetidae,Microtus felteni,0.06618151
Mammalia,Rodentia,Cricetidae,Microtus arvalis,0.0679140621
Mammalia,Rodentia,Cricetidae,Microtus arvalis,0.0679140621
Mammalia,Rodentia,Cricetidae,Myopus schisticolor,0.069522622
Mammalia,Rodentia,Cricetidae,Microtus dogramacii,0.0720472735
Mammalia,Rodentia,Cricetidae,Microtus agrestis,0.0780257759
Mammalia,Rodentia,Cricetidae,Microtus agrestis,0.0780257759
Mammalia,Rodentia,Cricetidae,Ellobius talpinus,0.0880757971
Mammalia,Rodentia,Cricetidae,Microtus tatricus,0.0894380256
Mammalia,Rodentia,Cricetidae,Microtus socialis,0.0998903309
Mammalia,Rodentia,Cricetidae,Microtus irani,0.0998903309
Mammalia,Rodentia,Cricetidae,Microtus guentheri,0.1011405217
Mammalia,Rodentia,Cricetidae,Microtus guentheri,0.1011405217
Mammalia,Rodentia,Cricetidae,Microtus anatolicus,0.1054669431
Mammalia,Rodentia,Cricetidae,Microtus cabrerae,0.1054669431
Mammalia,Rodentia,Cricetidae,Dinaromys bogdanovi,0.1096750722
Mammalia,Rodentia,Cricetidae,Lemmus sibiricus,0.1143594958
Mammalia,Rodentia,Cricetidae,Dicrostonyx torquatus,0.1232478361
Mammalia,Rodentia,Cricetidae,Lemmus lemmus,0.1242631914
Mammalia,Rodentia,Cricetidae,Prometheomys schaposchnikowi,0.1309245265
Mammalia,Rodentia,Cricetidae,Ellobius lutescens,0.1361484127
Mammalia,Rodentia,Cricetidae,Chionomys gud,0.1496465743
Mammalia,Rodentia,Cricetidae,Chionomys roberti,0.1496465743
Mammalia,Rodentia,Cricetidae,Chionomys gud,0.1496465743
Mammalia,Rodentia,Cricetidae,Arvicola scherman,0.1534955331
Mammalia,Rodentia,Cricetidae,Mesocricetus raddei,0.1605486793
Mammalia,Rodentia,Cricetidae,Arvicola sapidus,0.1740855046
Mammalia,Rodentia,Cricetidae,Mesocricetus auratus,0.4719643941
Mammalia,Rodentia,Cricetidae,Mesocricetus newtoni,0.4719643941
Mammalia,Rodentia,Cricetidae,Mesocricetus brandti,0.480632471
Mammalia,Rodentia,Cricetidae,Arvicola amphibius,0.482112073
Mammalia,Rodentia,Cricetidae,Allocricetulus eversmanni,0.5001893974
Mammalia,Rodentia,Cricetidae,Cricetus cricetus,1.0618046394
Mammalia,Rodentia,Dipodidae,Pygeretmus pumilio,0.1052048978
Mammalia,Rodentia,Dipodidae,Stylodipus telum,0.327602213
Mammalia,Rodentia,Dipodidae,Allactaga major,0.3331089081
Mammalia,Rodentia,Dipodidae,Dipus sagitta,0.4269559545
Mammalia,Rodentia,Gliridae,Myomimus roachi,0.0947578664
Mammalia,Rodentia,Gliridae,Dryomys laniger,0.2020673401
Mammalia,Rodentia,Gliridae,Dryomys nitedula,0.2024925514
Mammalia,Rodentia,Gliridae,Dryomys nitedula,0.2024925514
Mammalia,Rodentia,Gliridae,Muscardinus avellanarius,0.2086407072
Mammalia,Rodentia,Gliridae,Myomimus setzeri,0.2538123448
Mammalia,Rodentia,Gliridae,Eliomys melanurus,0.4976978073
Mammalia,Rodentia,Gliridae,Eliomys quercinus,0.4976978073
Mammalia,Rodentia,Gliridae,Glis glis,0.5619972596
Mammalia,Rodentia,Hystricidae,Hystrix indica,3.5472326193
Mammalia,Rodentia,Hystricidae,Hystrix cristata,3.7712605934
Mammalia,Rodentia,Muridae,Mus spicilegus,0.0585749778
Mammalia,Rodentia,Muridae,Apodemus flavicollis,0.0741718232
Mammalia,Rodentia,Muridae,Micromys minutus,0.0928161856
Mammalia,Rodentia,Muridae,Acomys minous,0.0963162162
Mammalia,Rodentia,Muridae,Meriones meridianus,0.1060747222
Mammalia,Rodentia,Muridae,Meriones tristrami,0.1666109438
Mammalia,Rodentia,Muridae,Mus spretus,0.1721926585
Mammalia,Rodentia,Muridae,Meriones tamariscinus,0.1740855046
Mammalia,Rodentia,Muridae,Mus macedonicus,0.175321567
Mammalia,Rodentia,Muridae,Mus musculus,0.175321567
Mammalia,Rodentia,Muridae,Apodemus witherbyi,0.1759947204
Mammalia,Rodentia,Muridae,Apodemus agrarius,0.1789267372
Mammalia,Rodentia,Muridae,Apodemus uralensis,0.1899141895
Mammalia,Rodentia,Muridae,Apodemus sylvaticus,0.1899634071
Mammalia,Rodentia,Muridae,Meriones vinogradovi,0.1993018779
Mammalia,Rodentia,Muridae,Nesokia indica,0.2078737724
Mammalia,Rodentia,Muridae,Gerbillus dasyurus,0.2094962113
Mammalia,Rodentia,Muridae,Apodemus alpicola,0.2180426505
Mammalia,Rodentia,Muridae,Apodemus ponticus,0.2180426505
Mammalia,Rodentia,Muridae,Apodemus epimelas,0.2719843713
Mammalia,Rodentia,Muridae,Apodemus mystacinus,0.2719843713
Mammalia,Rodentia,Muridae,Acomys nesiotes,0.2831404458
Mammalia,Rodentia,Muridae,Acomys cilicicus,0.2936472583
Mammalia,Rodentia,Muridae,Meriones crassus,0.2947584857
Mammalia,Rodentia,Muridae,Mus cypriacus,0.3031893987
Mammalia,Rodentia,Muridae,Meriones dahli,0.3491121887
Mammalia,Rodentia,Muridae,Apodemus hyrcanicus,0.3491121887
Mammalia,Rodentia,Muridae,Meriones libycus,0.4336975356
Mammalia,Rodentia,Muridae,Meriones persicus,0.4582092591
Mammalia,Rodentia,Muridae,Tatera indica,0.4924940294
Mammalia,Rodentia,Sciuridae,Eutamias sibiricus,0.1412452037
Mammalia,Rodentia,Sciuridae,Pteromys volans,0.1911380223
Mammalia,Rodentia,Sciuridae,Spermophilus major,0.2692886713
Mammalia,Rodentia,Sciuridae,Sciurus vulgaris,0.3207714947
Mammalia,Rodentia,Sciuridae,Spermophilus fulvus,0.5014342666
Mammalia,Rodentia,Sciuridae,Spermophilus musicus,0.5521000757
Mammalia,Rodentia,Sciuridae,Spermophilus pygmaeus,0.5521000757
Mammalia,Rodentia,Sciuridae,Spermophilus taurensis,0.6989950556
Mammalia,Rodentia,Sciuridae,Spermophilus citellus,0.7561845951
Mammalia,Rodentia,Sciuridae,Spermophilus xanthoprymnus,0.7561845951
Mammalia,Rodentia,Sciuridae,Spermophilus suslicus,0.8024183712
Mammalia,Rodentia,Sciuridae,Sciurus anomalus,0.9540961553
Mammalia,Rodentia,Sciuridae,Marmota marmota,1.3452597972
Mammalia,Rodentia,Sciuridae,Marmota bobak,2.1006069179
Mammalia,Rodentia,Sminthidae,Sicista betulina,0.1058654213
Mammalia,Rodentia,Sminthidae,Sicista strandi,0.1058654213
Mammalia,Rodentia,Sminthidae,Sicista caucasica,0.1134603043
Mammalia,Rodentia,Sminthidae,Sicista subtilis,0.1251129585
Mammalia,Rodentia,Sminthidae,Sicista trizona,0.1251129585
Mammalia,Rodentia,Sminthidae,Sicista loriger,0.1251129585
Mammalia,Rodentia,Sminthidae,Sicista armenica,0.3423646714
Mammalia,Rodentia,Sminthidae,Sicista kazbegica,0.3423646714
Mammalia,Rodentia,Sminthidae,Sicista kluchorica,0.3423646714
Mammalia,Rodentia,Spalacidae,Nannospalax ehrenbergi,0.2089574158
Mammalia,Rodentia,Spalacidae,Nannospalax xanthodon,0.2230805223
Mammalia,Rodentia,Spalacidae,Nannospalax leucodon,0.2250586399
Mammalia,Rodentia,Spalacidae,Spalax giganteus,0.2452750483
Mammalia,Rodentia,Spalacidae,Spalax arenarius,0.3982909788
Mammalia,Rodentia,Spalacidae,Spalax graecus,0.3982909788
Mammalia,Rodentia,Spalacidae,Spalax zemni,0.3982909788
Mammalia,Rodentia,Spalacidae,Spalax istricus,0.3982909788
Mammalia,Rodentia,Spalacidae,Spalax antiquus,0.3982909788
Mammalia,Rodentia,Spalacidae,Spalax microphthalmus,0.3982909788
